ID,Review,Title,Rating,Date
John C.,"i have owned the momentum 2‚Äôs for many years and love them. but, after the battery started to fail and took over 8hrs to charge i decided to upgrade. here are my thoughts:sound - really good, but different to the 2‚Äôs. took some time to get used to but i really like the sound now.battery - amazing. 60 hours is huge and makes such a difference not having to charge so regularly.comfort - the 2‚Äôs were great but these are on another level. can wear for hours on end without getting hot or ever feeling uncomfortable.look - the 2‚Äôs looked amazing with the ivory colour. these look ok, but do not stand out. build quality is excellent. no creaking on mine.controls - i hate the touch controls and miss having a button to adjust the volume. if adjusting, then it is easy to activate a control. changing the volume is hit and miss. i have turned touch controls off as they are too unreliable. it would be good to switch just some of the controls off and just have volume, or have the ability to change via the app. maybe having less controls would help it work better.connectivity - multiple devices works fine. i‚Äôve had no issues but it niggles me that when you connect, you get a lovely voice that tells you it has connected, but when you connect a  bluetooth device, a lady from essex tells you it is connected. it is so wierd they use different voices for different announcements.all in all a great pair of headphones but i wish sennheiser would address some minor niggles.",awesome headphones‚Ä¶. but‚Ä¶,4.0,08 10 2023
R Griffiths,"at first i felt these headphones were a mixed bag of tricks. i had read other reviewers had problems but having an earlier sennheiser model and being familiar with their app i hoped for the best. however it took ages to get going. the on off control is tricky - to get a bluetooth connection the on button must be pressed till the lights flash rapidly. it's also hard to tell if it's really switched off. i then had a nightmare trying to connect to the sennheiser app. my older set connects to both the app and bluetooth in seconds and works brilliantly but the momentum 4 took me the best part of an hour plus another thirty minutes to install a firmware update. the problem i had, i think, was i initially tried connecting using a fire10 tablet and the app just didn't like it. as a last attempt i tried the fire max 11 which worked at once. i then then downloaded the update by which time i had had enough electronics for one very stressful evening. the next morning i tried again with the fire 10 and all was well. it seems the update resolved issues connecting to the app but unless you have another device or can find another way to update it's frustrating. sennheiser do say their app is designed for phones primarily and do offer support with tablet related problems but in the event i didn't need to contact them. since that first attempt i have had absolutely no problems with connection at all on any of the three devices i use.the sennheiser sound is superb on the momentum 4. i very much like the sound check system which helps to establish your personal presets by offering several sets of three settings - you select your preferred out of each set. i like a wide range of music including jazz, opera, rock, metal and in a few minutes was able to save settings for each genre. i had done this before with my older sennheiser with great success but the sound on this newer set is brilliant. unlike other reviewers i like the app. once you find your way round it it's easy to use and the online manual is comprehensive and clearly written.there is only one button on the momentum 4 much to my relief - and as i have said that one needs a bit of learning to operate effectively. other controls are by touch and these work extremely well  - swipe up and down for volume, touch for stop start etc.  unless you are committed to buttons this is a great improvement. the set is extremely comfortable with a neat flat appearance. i have noticed no clicking or creaking noises and no heat to my ears. it stays connected even when i move around a lot and stops as soon as removed from the head. the case is well designed with room for cables and guidance notes.i have used the set for about 40 hours so far, battery is still 50% charged. noise cancellation is easy to adjust on the app or the headphone touch control and seems good although i am in a quiet room. i haven't tried a phone connection as i am in an area where mobile reception is appalling.overall i am very happy but more comprehensive guidance notes in the initial paperwork would have saved me a frustrating hour - but i say that about anything new!!if your primary wish is great sound at a medium price this is a wonderful buy. but be ready to take time to establish connections and don't miss the update.",wonderful sound now that initial connection issues resolved,5.0,13 07 2023
Simon Pawlin,"i wasn‚Äôt sure how good these were going to be as iv not had a pair of wireless premium over ear cans before. i have been using apple airpods pro and found these to be very average with rubbish bass. i wanted some headphones that were comfortable, had an open sound but with good bass. not blast your ass off bass mind you, but bass that would be quality.set up was a little bit of a mixed bag and i had to faff about a bit at first, as it didn‚Äôt work first time. but it  was a smooth experience the second time around.sound quality is excellent once you tailor it to your taste. the sound is open and expansive and bass feels well controlled, deep and heavy in tracks where that is intended and gentle where it is not. so i really enjoy that it pounds to dance tracks and rumbles to pop and rnb. mids and highs are tight and clear. have not experienced any distortion at any volume.i would say that noise cancelling is ok. it‚Äôs not the best but not bad either. if this is critical for you, look elsewhere. there isn‚Äôt any pressure sensation you sometimes get- well not that i noticed anyway.the good? these are really light and comfortable and the sound is very very good with quality bass, mids and highs. a real highlight though is the battery; i have had these for a while now and only charged them fully once- which is brilliant. another thing i like is these have a great case.the bad? well, i have had a really mixed experience with connecting to the pc with the usb-c cable. it sometimes works but mostly doesn't. also, it can often repeatedly announce it is ‚Äòconnecting‚Äô or ‚Äòdisconnecting‚Äô which can get a little annoying. it‚Äôs seems to do this when you have multiple devices nearby. but that seems to have settled over the last few weeks and doesn‚Äôt happen as often as it used to.overall, for the price, i am really happy with these. they are quality. i have listened to the ridiculously priced apple airpods max and i think these sound better and are more comfortable. i can‚Äôt compare to sony mx5 as only listened to them once. i think you‚Äôll be happy with these great headphones",comfortable and quality sound,4.0,04 08 2023
Dezmo63,"read a very long review by a lady who had trialed hers for months, like what she had to say, didn't like the fact that other well known brands were not even in the top five for recommended, so i've used mine and i am impressed with the battery life after playing music at decent volume with bass boosted checking app and seeing that battery hasn't even left 100% mark, further playing and only after a few hours it's still got 80% left. i do like one feature in particular if you take headphone off your head the music pauses and when you put them back to your ears the music continues, brilliant as you don't miss the tracks you were listening to unlike other headphones which would play the music off the head. very comfortable to wear virtually no drag on your head from the cradle very firm seating of ear cups no leakage from outside. be careful not to increase the volume too much when using the equaliser as i noticed that the volume is capable of making these headphones dance off your head (vibration intense). bought mine off amazon as i wanted them asap, but you will save a good bit by shopping around. best headphones i've ever had and they will last for years.",60 hour battery life. amazing.,5.0,01 10 2023
Gabriele Fazio,"this is the 3rd wireless headphones i owned in the same price range. the other 2 being from the other 2 main brands selling this type of product. compared to the other 2 brands, these are more balanced. noticeably less kick on the low frequencies. i find them nicer for jazz but less engaging for r&b and similar. it's matter of taste, great quality overall. battery life much better than the others.on the other side, controls are much worse than both the other brands. being a very smart product it has almost no buttons, but whenever you accidentally brush against any of their surfaces, even by turning your neck, they pause, start, or do something else. it can be rather annoying. the features of recognition of movement to automatically turn on/off is useless: you can't listen to music while you sit on a train or they'll turn off after a few minutes because you've not moved your head enough to keep them turned on. overall a bit of a faff to use sometimes.","good quality, bad controls",4.0,06 09 2023
Tim Myers,"first off - the first pair of these i got suffered from the random noise/hissing and crackling in one ear fault that these headphones are known for (check out the online forums). so they got returned (which took amazon a long time to process). the second pair work fine: the sound quality is excellent and the battery life and connectivity are really good. they are not however what i would call ‚Äòpremium‚Äô. the fabric headband is fine but the rest of the headphones feel plasticky and cheap which is a surprise at this price point, especially in comparison to the momentum 3 wireless which i own which cost about the same.",great sound but not as ‚Äòpremium‚Äô feeling as you might expect at this price point,4.0,06 09 2023
RAB,"i was surprised at the quality of the sound from the momentum 4. there is a bass boost available but i certainly haven't found a need for it. how it is achieved i don't know but the sound is less centralised than other headphones i use. this has the effect of separating instruments in the music listened to.i find adjusting the volume a bit hit and miss. it is a pity volume control isn't in the sennheiser app. sometimes it takes several attempts at swiping my finger up and down before the volume will respond. there is an audio message when you reach the minimum or maximum volume which can be useful.you can adjust the transparency of the ambient sound by pinching two fingers on the touch sensitive right pad. what i use a lot is a double tap on the right pad which switches from anc to ambient and back. the anc can be set to be fully sound cancelling, fully ambient, or in-between via the sennheiser app.a single tap pauses a recording if it is possible to control the source via bluetooth. i only listen to my hifi so don't use the gestures for pausing or switching tracks so the single tap just mutes the sound which i find useful.the manual says that the headphones are atpx adaptive (atpx,  aptx low latency) or aac. if the transmitter doesn't support these it uses sbc. i have tried three different transmitters and couldn't get low latency which results in lipsynch problems watching tv. if the transmitter has atpx adaptive it connects using that. if not it connects using aptx. i could get the connection to switch to atpx hd but not atpx ll. this is frustrating as i specifically was looking for headphones that would connect via atpx ll. i contacted sennheiser support and was informed that despite what is in the manual the headphones do not work with atpx ll. aptx adaptive doesn't have the low latency of atpx ll and so the lipsynch issue watching tv can't be avoided unless you connect using cable instead of bluetooth. something i have experienced as well is if you have the tv sound on while listening with the headphones you can hear both with a long delay. presumably because the sound from the tv external to the ear pads and inside the ear pads is very similar so the noise cancelling isn't so effective. very disappointing.the sennheiser app enhances the momentum 4 with a lot of configuration options. although some people are disappointed at only having a three band equaliser to play with, there are a number of preset settings to suit what you are listening to. if you want to create your own you are presented with choosing the best sound to your liking as you listen to the sound you are configuring for. it does this several times making adjustments each time and then finally the settings are saved with a name of your choice. an unusual option i haven't met before is the ability to save settings for zones.useful things about the momentum 4 is the ability to press the button on the right ear pad and the current battery capacity is announced.  the headphones can be connected via bluetooth, wired via an aux audio jack, and wired via usb. the headphones can also be used purely for sound cancelling only if you want to shut out a noisy environment when doing something like reading.lastly, when i first received the headphones i wore them for almost 12 hours watching tv and listening to music. they are the first headphones that i have owned that didn't cause any discomfort aftera period of use.",very good sound quality and effective anc. not so good for watching tv.,4.0,21 02 2023
Nack,"i have had the momentum 2 headphones for years and i recently tried the momentum 3's. i didn't like the skinny cups on the 3's and the headband was uncomfortable on the top of my head after thirty minutes. but, they did look great, with an excellent build quality.right off the bat, i can say the 4's build quality is nothing to write home about. they creak and click as you move your head or your jaw and they're quite hot on the ears. the cups are fairly shallow and since they only twist in two directions, i found it difficult to get them comfortable on both ears. one ear always felt like it wasn't at the right angle and both ears were always touching against the odd plastic ridge that exists just inside the cups. the headband was comfortable and all-in-all, the headphones were fine to wear for long periods without hurting you. i just could never find that sweet spot.they look, par for the course for the wireless headphones available today, which is rather disappointing, but not a big deal. the sound quality does make up for it. i'll get to that though.keeping with the build quality, the headphones have foregone the buttons that came with the previous incarnations, and they now have touch controls. i'm not a fan of touch controls, but like i said, the sound quality was pretty great, so i really gave it my best shot. however, i found that they were too sensitive to the touch. a few times, i switched songs or paused with my shoulder. more times i tried to turn the volume up or down and ended up doing nothing at all, but still recieving the beep announcement of being touched. what finally put the nail in the coffin for me was the fact that the volume doesn't work in intervals, it's an actual gauge on the right headset. so i found myself constantly going a little too high or a little too low. like, i'm walking in the park, i just want to up the volume one ""jump"", not three.something else, you can adjust the active noise cancelling on the right cup, too. but, honestly it just felt like it was giving an already over active touch control another thing to do badly when all you want is to turn the music down.a lot of people have claimed the headphones had problems connecting to their phone. i didn't have any such issues. however, to access the app, it would take forever to connect and then you'd have to wait ages to actually be able to move onto the next screen.the app itself isn't fantastic. the equaliser only has three adjusters, there's no way to turn off the anc altogether. it's always on, just like the momentum 2. a step back from the momentum 3, which had a very welcome off switch. hopefully they change that in the future. you can turn off the auto pause feature though, and also a couple of other features. i did that because i like pulling my headphones onto one ear to keep listening while i'm checking what others are saying.from what i tested, auto pause works well. auto on and off worked well for the most part, but i did have them turn themselves on once, so i always used the power button on the side to be certain.the sound stage is pretty fab. it sounds deep and far reaching, with crisp audio. i messed around with the sad equaliser for a while to test variations, but honestly, that sound pretty great from the get-go. so i didn't bother with the equaliser for real listening. i love all kinds of music genres and i tried just about all of them on these babies and was not disappointed. they do have a word habit of sounding better after a particular volume level, but the previous momentum's did that too.the battery life is massive. i changed them once in twenty days i had them, to no issue. very impressive.sadly though, i couldn't get past the creaky, clicking plastic, the uncomfortable cups and the teeeeerrrrriible touch controls. i think if the volume had been at intervals, i would have kept them. clicks and all.so, for the price, they're a fantastic pair of headphones. amazing sound quality, great battery life, reliable bluetooth. sort of comfortable.great, if you can get over the other small things.why'd you take away the buttons, sennheiser? :(",great sounding headphones let down by a few things,4.0,20 09 2022
Jordan,"got these headphones as i heard good things about them and heard they had better bass and an overall better soundstage than the sony xm5's and can confirm after testing both and also comparing to the xm4 (which sounds muddy in comparison)these headphones work well on bluetooth when connecting to my iphone, sound is good and with the app you can customise how you want it to sound and as i love bass i did make it a heavy bass eq which these headphones proved they are up to the task and they are the best sounding headphones i've ever used.wired mode is not so good unfortunately, if you turn it up a bit too much or have a bass eq on an external dac or your device then it can become distorted (doesn't take much) so if you like loud music while wiring up then i'd probably not recommend but using bluetooth you can have it louder and not have any issues. when on the wire also i noticed it will change what type of anc it'll use fairly often (sometimes when just moving my head?!).","sound good, bluetooth good, wired not so.",4.0,09 08 2023
David Carew,"i also own sony wh1000 xm5. these are much louder and the sound is just as precise. i tend to use the momentums more as i love the bass. not too great when using them to listen to the tv.  love the fact that i hardly need to charge them at all. the noise cancelling isn't on par with the sony aad sometimes when. listening at high volume there is a bit of a sharp squelch although it could be spotify.  i have to admit though, the first time i put these on i was blown away by the sound!!edit: the noise cancelling doesn't seem to work too well whilst on a call, the person/scouldn't hear due to traffic and after moving the slider to it's minimum point it doesn't seem to make a difference.  it works when my music is playing  though but as i mentioned above, the xm 5 trounced these  on the anc and transparency.  it could be something i've overlooked,  and will ensure that i'm right, and will update my review accordingly.  i cannot emphasise enough though,  how much i love the signature sound of these cans, and am about to invest in some momentum 3  tws buds.",amazing sound,4.0,03 07 2023
Graham,"i love these. the sound is well balanced. bass isn't to much which is how i like it, the mids are clear and balanced and treble not overpowering. the design, feel, and comfort is a pure treat to wear on your head. i have the sony xm5 and these match the sony for me. plus they are slightly cheaper mind you i got my xm5s free for buying the new sony xperia. i personally would recommend these to anyone that want them for everyday use either for music, movies and podcasts. the anc works very well. battery longevity is fantastic",the sound,5.0,02 10 2023
Marie2015,"these headphones might be expensive but are so super comfortable that they are constantly on my head day and night. the audio playback is not tinny sounding at all and neither is it too heavy on the base, but just right for my delicate ears also the battery life is really good before having to charge again. i would thoroughly recommend these  headphones.",headphones wireless,5.0,10 10 2023
Amazon Customer,"the sound quality is really good. however noise cancelling leaves a lot to be desired i feel and the sennheiser app is not great. the materials after a year started unsticking and ungluing and i feel like the headphones dont have much left which is highly dissapointing considering how expensive they are.appearance wise they are good, fit perfectly, good comfort. i just really wish they were built to last longer... i would not have not chosen these had a i known it would have started to come apart so soon",a year later and the materials seems to be unsticking,3.0,25 09 2023
Mark.,"quality packaging. decent build. slippery smooth. easy to set up....... but!i don't know what i was expecting from ¬£300 headphones when i have alresdy had xm4s, mt50x, and a pair of soundcore q30s ( which were an absolute bargain and for me sounded better that the sonys) but the sound is disappointing. i can hear all the details, the instruments, but the voice is muffled, not to bad but as though they are singing through a towel. maybe this will change with some use. but first impressions..... dissatisfied, disappointed. but definitely more bass weight that the xm4s ¬£300. absolutely not as clear as the soundcore q30s (¬£60). **update. returned. don't understand what all the fuss is about especially for ¬£300.",returned.,4.0,20 05 2023
Jeremy,"i had given away my momentum 2's and bought these as replacements.  they have better features, the sound is great and they were a bit cheaper.  very happy customer.",great sound,5.0,03 10 2023
SteffAna,"i‚Äôm so conflicted by these headphones. the sound is amazing and they have a great sound stage for closed back headphones. this is sadly let down by the software, in particular the anc which causes a hissing and buzzing sound in my left ear that sometimes gets so loud it‚Äôs almost painful. this can, of course, be avoided through not using the app - which isn‚Äôt needed as they are near perfect and balanced for me out of the box.i‚Äôve listened to a few different styles out the box but my main music style is metal. one of my go to songs for headphone testing is nothing else matters, and listening to this song on these headphones takes me back to when i first saw metallica live (well, as closed to this as wireless closed back headphones can i suppose).i also bought the px7 s2‚Äôs and while i really wanted to like those, they don‚Äôt really make me feel anything when listening with them. i‚Äôm not sure if it has to do with the mids or sound stage as, while they‚Äôre great headphones, they seem to have something missing that i can‚Äôt quite put my finger on.i let my boyfriend, who mainly listens to hip hop, try both of these out. when i played nothing else matters on these he literally closed his eyes and it was like he was transported somewhere else lol.the conflict comes in to where i‚Äôd expect headphones of this price to function as expected, vs does the sound and feeling these produce matter if i don‚Äôt necessarily need to use the app anyway. i believe sennheiser are working on an update and fix but i honestly am not holding my breath.i‚Äôm going to explore some wired headphones and would probably recommend the same to anyone who doesn‚Äôt need the convenience of bluetooth. all in all, if you are considering buying these against one of the other popular cans at this price point you‚Äôd have to decide what is most important to you - if it‚Äôs sound quality then 100% get these if you can live without the app. if it‚Äôs software support and anc then you‚Äôll sadly be disappointed with these.",so conflicted,3.0,17 02 2023
Kyle,"i had the samsung buds live which i really enjoyed and i still do use them. but i was told by ent that i should stop using them and use over ears as they believed in ears wasn't helping my issues. i asked around, did a bit of research and settled on these instead of the other good option of sony. this is probably going to sound odd but these things are addictive, they sound so good that sometimes i just like laying in the dark and listening to some music. being honest with you i can't tell you anything from a technical standpoint, i'm not an audio technophile though i do like quality audio.here is what i can tell you.the noise cancelling is very good, i can't hear the car even when sitting at the back. it drowns out conversations. i've yet to find something it doesn't get rid of but i have only had this a month and two weeks. i may edited this at a later date.the battery life i love. the buds live had forty hours which i was very happy with but having an extra twenty to play with is just lovely. right now i'm having to charge them around once a week but i suspect if you were to use these for half your working day then you'd probably be looking at twice/three times a week which being honest i think is great.these feel great on the head, i don't get any pressure on the head and i don't feel like these pull. they're in my opinion quite light so sit nicely. one thing i don't like a tiny bit is that the extending an retracting the headphones is a little bit stiff if you're not getting the angle quite right which makes adjusting them on your head sometimes a little bit annoying. this isn't an issue if you remove them to do it.the app that you can download as many complaints about the software, i've only used it the once so can't really say anything. what i can say is that i'm happy with the default settings. voices are crisp and music sounds great. when i can be bothered i might play around with the settings and create some modes. there is a youtube video showing this off in a comparison video between this and the sony and demonstrates the differences in settings allowing you to create better vocals if that's primarily the feature of your songs or more bass if you're into heavier bass featured music.",personally i'm impressed.,5.0,06 02 2023
Paul,"had this for three weeks now. it is a great sound across the range and the noise cancellation is stupendous. but then having worked fine, it stopped connecting to the audio. i seem to have fixed it now but it took hours of trial and error. on the way i have had two firmware upgrades, which tells me they launched it prematurely. each one takes at least 30 minutes and each has failed once before succeeding. i had to do a factory reset and start again when nothing else seemed to work. the problem is that there is just one button on the headphones and you have to try to work out what it's doing from the app. except it doesn't always tell you. and the instructions are less than optimal. the headphones give various tones and beeps and voice messages but they are often opaque. just hope they settle down now but i shouldn't have to go through this. ps i note other users have had similar problems to me and some report turning off a couple of the fancy features solves the connection issues. these are the auto on-head detection and auto-on-off.","great sound, flawed control and app",4.0,24 09 2022
Darren Thayer,i have utilised goldilocks and the bear army's!for example apple headphones 12 months then not for me. sonys headphones 5 years then not for me. bose 6 years then not for me. and on it went finally a couple of years brought sennheiser headphones used for 6 months stopped for 12 months then used for 3 months and decided these will do so brought this pair and adequate they'll do.( 50 plus wireless headphones before these wouldn't do),terrible news people,5.0,09 08 2023
Dai English,"headphones, exceptional sound quality. you won‚Äôt be disappointed. put my bose headphones in the bin 10 out of 10 for the money",outstanding headphones,5.0,14 09 2023
AK,"overall, these are decent headphone. for the price i wish i had gone with jbl. my biggest complaint is the bluetooth pairing. i consistently have trouble pairing when switching between my phone and laptop, sometimes the headphones won't connect to anything at all, and one time whenthey wouldn't connect i couldn't even reset them. so i couldn't use them for about a week until they just decided to begin pairing again. these also won't age well. the ear-cushion isn't replaceable (some over-ear headphones have removable and replaceable cushions), and i've already started to notice the material is degrading. so, once the cushions go , i assume i'll have to replace the entire product. the touch-controls are also a bit of a pain. because they're on the right ear, pretty much anytime you adjust or remove/put on the headphones it initiates a command. so the volume, noise cancelation, etc. is constantly being changed.they're comfortable, and it's nice to be able to control sound output via the app, but i wouldn't buy these again given the price, how non-user-friendly they are, and how mid the sound quality is.","not worth the price. difficult to use, ok sound quality",3.0,17 01 2023
Stephen,amazing set of headphones work well with high resolution player cannot fault them.best vocals i have heard on a set of bluetooth headphones.just wish i had bought them sooner,sennheiser momentum 4,5.0,02 09 2023
Noel Setterington,far better than what i've had before sound comfortable and design,jesus is lord,5.0,22 09 2023
Stephen Tallentire,bought these to replace my bose qc and think the sound quality is far superior and find them more comfortable,great,5.0,07 09 2023
Stan464,"out of the gate. they are sturdy, rugged but not super heavy (if that's a consideration). albeit, barr the headband. they don't look what they cost. but i'm somewhat glad for 2 reasons.1) less of a thief magnet. 2) the money went into features, extras and sound quality.pros:- good highs- good mids- good lows. (more to add later)- frequency separation is fantastic (no muddled muddy sound)- auto on/off feature.- auto pause feature.- interesting eq builder.- hard compact case.cons:- as a bass head, i like/prefer my bass on music that it make sense on, sadly a little bass heavy on tracks it shouldn't be. (occasionally) - (even with flat eq)- little boring looking, but that's low importance.- no ldac/ldhc? aptx (aptx adaptive).- pause feature seems to be for right ear/hand only (from what i can tell - not an issue for me as i'm right handed).-",well rounded set!,5.0,02 05 2023
Simon James Cook,"worth every penny! the noise cancelling is brilliant especially when i‚Äôm in the gym. they‚Äôre comfortable, loud and well build, battery is phenomenal and the app is way easier to use than b&o. nice quality case too, well worth it. üëçüèªüíØ",they‚Äôre amazing,5.0,15 08 2023
Will Lakeman,"i have been a loyal user of sennheiser headphones since the 90s, and this is the third pair of momentum ones i have owned in addition to dj headphones, studio headphones and earbuds. i am beyond disappointed by the user experience of these and will think twice about ever buying a sennheiser bluetooth product. i am required to reconnect them to bluetooth up to several times a day (by turning them off and on again) and there appears to be no reliable trigger for them switching themselves on or off automatically.sometimes they turn on (in their case) when they are in my work bag, or because my car moves. sometimes however i move one cup off my ear to speak to somebody and they turn off completely, or won't stop playing music and i have to fumble for my phone.the touch panel is also unreliable. sometimes it is activated by my collar or scarf, sometimes it totally ignores my finger. unfortunately if you do disable the automatic on/off feature the bluetooth problems become worse, particularly when attempting to use the controller app, which itself is annoying and sometimes doesn't work. the momentum 2 had a little rocker, that did every important job without issue, including turning the headphones on and off. in the name of convenience we have a product so annoying it has made me consider using another brand.i will however say that, when working, the sound quality is excellent, as is the battery life. the noise cancellation also seems pretty good.",constantly disconnects from bluetooth and touch panel control is infuriating,2.0,12 03 2023
undedjed,i have had these for about a week now and so far i think that they are outstanding. i was upgrading from the sony wh1000-xm3. i also tested out the sony wh1000hxm5 and the bowers and wilkins px7 s2 and i returned both of these and kept the momentum 4s. i found them the most comfortable (the bowers and wilkins clamped too tight). the battery life is ridiculous. the touch controls work well as does the on head detection (this was really bad on the px7 s2 and sometimes they would randomly pause when i turned my head). the anc is probably not as good as the px7 s2 and definitely weaker than the sony's but it's good enough for me not to notice other sounds when listening to music. but the main trump card is the sound. it's leagues ahead of the sony's with a wide open soundstage (and i have been streaming tidal masters using ldac and aptx hd). songs i've listened to for years sound amazing with great instrument separation. the px7 s2 also sound amazing albeit with a narrower more focussed sound and less pronounced highs and it was hard to decide between these and the m4s. however the px7 s2 cost ¬£50 more and as an overall package the momentum 4s won out. lets see if i develop any issues going forward but no regrets so far.,amazing headphones,5.0,21 12 2022
Vinod Pillai,"this is a great pair of headphones.the design, the sound quality and the comfort is top notch.the let is in the area that most manufacturers seem to be going towards but no one seems to rectifying it - the touch controls! i do wish they had actual physical buttons, so much better to use in winter with gloves on too which is usually a let down in touch implemented devices!the bluetooth multi point implementation is also not done as well as some of the others. i‚Äôve had to occasionally unpair other devices or temporarily disable bluetooth in one to connect to the other.the third let down is in the area of the max-volume: this is surprising low compared to some of the others and the app allows for very limited control and none that makes the use of the device stand out at all.i love the brand and i hope they‚Äôll fix this in the next version.",would have been perfect if‚Ä¶,3.0,06 12 2022
cjase2012,"battery life is excellent, comes with required wires. sound quality is very good, much better than a previous set of sennheiser i owned, which were much cheaper.issues with bluetooth means it cannot be relied on, as it drops out here and there. if using at work that causes problems with meetings. perhaps this is when you have pairings to multiple devices but it is an annoying problem.overall a slick product, but the gesture controls although quite useful leave me feeling cold. if reclining in a chair, they are easy to knock which stops music playing, for example.overall a good product, but focused too much on style and marketing rather than usability.","great headphones, some usability issues",4.0,03 11 2022
LEE,"after reviewing multiple choices of headphones from sony,bose,bang & olufsen i decided to give the moment 4 a shot.build wise they look very 2021/22 (plain with no frills) i'm guessing to keep with the current trend like sony and bose.sound and comfort wise these were excellent and the sound stage was great but for ¬£300 you would expect them to beunfortunately that's where the good points end.the main problem i had was the software. they worked well for about 2 days then i tried to turn them off and got no audio beep to say they were off???? then eventually after several attempts to turn them off the eventually did.went to bed and then the next morning went to turn them on for my daily walk and again no audio beep to say they were on and no voice to say connected ü§∑checked the bluetooth on my phone and they were connected but when i pressed play i got no sound at all.but if i pressed the power button on the headphones to summon google it worked but i couldt hear herso i then tried to turn them off and again they wouldn't turn off.so i went into the app to do a factory reset which actually worked and stored the headphones out..... great üòÉthat was until the next day when i went to use them again.and the same frustrating thing happened again üò°after looking online for help that's where i discovered i wasnt alone. i found hundreds of threads on reddit complaining of exactly the same thing.sadly that's when i decided to return these in exchange for the sony xm5for a ¬£300 headset these problems should be ironed out in the initial testing and i know that a software update in the future will most likely fix these problems but i don't want to sit with a pair of headphones that don't work until this time.but a special mention to amazon because they are by far the best company on the planet for no hassle returns and exchanges..i'm actually sitting here writing this review with my replacement xm5 headphones on less than 24 hours after asking for an exchange.and i still have to send back the momentum 4's lol5 star service as always amazon üî•",great sounding headphones sadly let down by poor software,2.0,11 09 2022
Amazon Customer,"i bought the momentum 4 after having owned a momentum 3.generally, these are good headphones with quite good sound quality, noise cancellation and and an app to control all the features.following are the challenges that i've found:1. noise cancellation can only be controlled through the app and there is no button or dial (in similiar to the b&o h95 which has a cool dial for controlling the noise cancellation.2. also very annoyingly sen had removed all buttons and there is merely one button to control everything:  power up, pairing, power down - it would have been much better having a dedicated button for on/off and one for pairing at least as you have to otherwise go through long press cycles to get to what you need. so for instance if i want to pair and it's already on, i will have to press long - get it switched off, press long again - get it powered on and continue pressing just for it to get to pairing mode.3. support for multiple paired devices is not great - i've found that if i have more than 2 devices with bluetooth on and i'm trying to connect to a previously paired 3rd device, it's not going to work and i literally have to either switch off bluetooth on the other pair devices, just in order for it to connect to the 3rd device or go through the full pairing process to connect to it.4. equalising is not great - it's based on only 3 main frequencies and when increasing then other frequencies are decreased.5. reset - the only way to supposedly reset is press the single button for over 30 secs but then it's not always working5. reliability - for me that's a big disappointment - my momentum 4 headphones died completely just 2 months after i've purchased it. i was shocked. initially even when it was paired and connected to devices i couldn't hear anything not even it's on voice commands, then i tried to turn it off, but it would never get turned on again. tried to reset but again even when pressing reset for over 30 secs, the only things was a red light flashing once, but reset wasn't working. had the headphones have an on/off button it might not have happened, but that's what happens when you're depending on one button to do everything and then it won't power app again.6. and following all of that my 2nd pair (i bought 3 of these unfortunately for multiple family members) has the same fault. it won't power on again. try to reset pressing the only multi function button and you'll get a blink of a red light after 30 seconds but that's it. won't turn on anymore.i think senheizer reliability with those headphones had dropped to literally zero. paying 300 pounds for a supposed high quality headphones just for them to completely die after a few months is really frustrating.and if it died on you after a few good months you can't even return it and you can only get it sent for repair and you'll have to wait for weeks over weeks with no headphones.stay away from these!",disappointing reliability and control functionality is not best,1.0,20 12 2022
Robert Sutcliffe,"the sound and noise cancellation are great and the design is not special but also not ugly. the main issue i have with these headphones is the inconsistent software user experience. sometimes it connects, and sometimes it doesn't. sometimes it auto pauses, sometimes it doesn't. sometimes it auto powers off and sometimes not. often i've put them on in the morning the battery is dead because they must have decided to stay on all night. often when i put them on it will play spotify when i'm currently watching a youtube video. i'm having to switch off all the smart features because they are kind of dumb. you don't really get a sense of what the power button does. does it switch on or off the headphones? sometimes it does. it just feels like i own an unruly child and not a set of headphones. there have been multiple firmware updates, none of which seem to make these rock solid from a user experience point of view. hoping they sort this out.",great headphones let down by inconsistent software functionality,3.0,03 10 2022
Daniel Kiss,"it is a gread headphone. comrfortable and has amazing sound with a good battery life.however joinong to device to device is a nightmare. if you take of your headphone for a second it is automaticly go sleep, but when you put it back it does not connect to the last paired device and it will not connect for a while... i cannot find word how annoying this headphone can be.i really hope they will fix this as soon as possible.",great headphone- amazing sound - software issues,3.0,10 04 2023
pingufreddy,"the bluetooth sound is very good.  however, its not great; nowhere near the classic sennheiser 600, 650's.  weirdly, the line-in connection (i.e. the wire one) is just awful, i mean really bad.  that's unfortunate as a big use for these is on a flight where you must use the corded connection.  these are just bad in that regard.another complaint; the bluetooth connection doesn't end when you take off/turn off the headset.  your phone is still paired to the headset and all the sounds-phone ring, clicks when typing, alerts go to the unused headphones.  this is not rocket science: apple air bud pros have done it properly for years.overall, i found this set of phones to be unlike sennheiser.  not at all german; much more like a quick knock off from parts unknown.  this may be a good product one day but it is not now an needs a lot of work.  dissapointing.",very good bluetooth; lousy line in and annoying software. un-german,3.0,17 10 2022
W. L. Walker,"surprised to read some of the negative reviews on here, particularly focused on connectivity and the sennheiser app. i've had no issues with either, so i suppose these may have been fixed with firmware updates.the sound quality of the momentum 4's is really impressive and that was the most important factor in making my purchase. noise cancelling is not quite to the level of the sony flagships, but still good. battery life is incredible!overall, really pleased with the momentum 4's and would highly recommend.",impressive sound quality,5.0,18 06 2023
Nikodem Lacki,i read some reviews where people had problems with connectivity and such. not experienced any of this but then on the other hand i made sure that they are running on the latest firmware.it takes a little time to get used to the new style touch controls but i think they work great.the only thing it could work slightly differently is the on/off button. it's not always clear if they are switched on or not so need to press the button for 3s twice. not a biggie for me.,great headphones. great improvement on the momentum 3,5.0,12 06 2023
F. Holden,"great separation, dynamics and musicality. hear it closer to how it was originally recorded. discover subtleties that you didn‚Äôt realise were there. unbeatable at the price.",listen to the music,5.0,05 08 2023
Amazon Customer,"love the sound quality. love the battery life. love the noise cancellation. cannot stand the software issues.the app sucks. the headphones bug out frequently. cannot be worn with a hood due to the touch controls. there is only 1 button, which does what it‚Äôs supposed to do. most of the time.it‚Äôs truly great to have such good sounding and comfortable pair of headphones which have fantastic noise cancellation and insane battery life. it just blows my mind that sennheiser created a pair of headphones which rely so heavily on software, and load it with terribly unreliable software which requires an almost equally unreliable app. so good, but so bad.needed a little longer in the oven.","so good, but so bad.",3.0,23 01 2023
Billy60,"probably only anc, noise cancelling headphones i've found that will allow you to charge/use audio cable whilst using.  however as others have noted the touch controls are not very users friendly, there is an instruction booklet so you can set it up and maybe control some settings via the app on your mobile.  yes buttons would have been better but i've got it for the usb c to a audio/charging cable and that you can use it as a headset, worth it for the price.","usb works as audio cable, can use plugged in, read up on touch buttons",4.0,10 11 2022
Shana,"bought this for long haul flight because of the battery life.sound is pretty decent. nothing to shout home about. however, the anc is pure non sense. it is almost non existing. it only does about 30-40% of sound deduction. no where near a noise cancelling headphone.in the flight, i ended up having a headache as it just could not cancel the engine noise. if you think that's bad.. if you use it in town with the anc to max you can still hear everything around you... which is really annoying when you want to sit at a cafe and work in silence. i have not tried the sony mx1000 but i know for sure that this is not the way to go.on the plus - the build quality is really nice and soft ear pads. hope this helps!",rubbish noise cancellation :(,2.0,15 06 2023
ADS,"comfortable, good anc but the bluetooth is immediately very temparamental and infuriatinghad them 1-2 months now, and use them a lot but i would seriously consider alternatives due to the bluetooth issue. i also use these for work and it consistently causes issues when i join calls",blueooth is infuriating,3.0,15 04 2023
MOCHIII,"i was so excited to get these as someone who had never really had high end headphones before i was persuaded to get sennheiser as you hear nothing but good reviews but as 1st impression, i'm not impressed.let's start with the positives, they're extremely comfy and have some of the best battery life i have seen on the market 60 hrs which is incredibly impressive, you get an airplane adapter as well as a really decent heavy-duty carrying case and the standard charger, but the sound quality is on another level as someone who has only stuck to the cheap pairs of earbuds this was a massive upgrade for me the bass and everything was just phenomenal.now the negatives as to why you should 100% look elsewhere since getting them i have had nothing but issues after a couple of weeks of everything being normal all they do is disconnect over and over and over again i took them on a trip with me and again nothing but disconnection issues to the point where i just gave up, they also mention an app where you can tune everything to your liking, it's horrible it takes forever for your headset to connect and that's if it does since the app is plagued with issues like the headphones.for the whopping price of ¬£300 you would expect very good quality but no i have had better luck with the extremely cheap ¬£30 wireless earbuds than with these and after writing this review i have chosen to refund them as it's just unacceptable(and yes i made sure to update them to the latest firmware, disconnect and re-pair them, i have tried charging them to 100% and nothing solved the issue)the only thing i'm happy about is sennheiser accepting my refund other than that my experience has been extremely disappointing, to say the least.",absoloutely terrible,1.0,24 01 2023
TS88,"6th january 2023: i bought these on the back of how good sennheiser's wired products are. however, i experienced lots of problems connecting these headphones to any of my bluetooth music devices, utterly useless futile. and not for the first time either.  here's the list:1. tried to pair them with my phone, using the latest sennheiser app from the google play store. it demanded to know my location before it would allow me to attempt pairing. warning sign number one - marketing driven. and to be frank, i am very unhappy about anyone knowing my location if i don't see a good reason for it. you're a german company - can you get away with this under german data protection laws and gdpr? i very much doubt that, as it's superfluous to the data you need to capture in order for the device to function. you just want to bombard me with marketing crap. not interested.2. once paired, my music devices could see every bluetooth speaker/ear/headphone device i had, except for the new headphones.3. gave up after an hour of faffing around with it and going what works on every other bluetooth device i own. just way too much hassle to connect, i had been warned about sennheiser's crap ui experience, this  completely underlines the numerous other complaints i had read. what was i thinking.so, sadly ¬£400 of supposedly premium gear going back to amazon uk, pronto, no fault of theirs.get the basics right first sennheiser, instead of shipping devices with fancy cases, which is good to have but peripheral to the core user experience. i have a ¬£20 bluetooth speaker, without a display, which just works, every single time, so i know it's not old gear, or indeed any of my gear, as that works with all of it. ease of connectivity is king with bluetooth devices. sennheiser failed, miserably with this.refund time and more hassle and waiting for my money to be refunded. avoid, avoid, avoid.",the only device i own(ed) which has ever failed to pair. useless.,1.0,06 01 2023
ANTONIOS,"kept randomly disconnecting from paired devices. a week after purchase headphones turned off and stopped working. sound quality was exceptional though.update :excellent sound quality and battery life . do not use  the smart control app as it can cause you headphones to turn off and not turn on or even charge.the headphones itself is an amazing high end product.the connection management feature of the app is faulty, can force your device to die and should be dropped or updated asap",amazing product paired with the worst and most buggy app i‚Äôve seen in a while.,3.0,30 01 2023
Abhinav P.,only got about 3 hours of battery life. the lowest volume setting was uncomfortably loud for me.,received defective,2.0,11 10 2023
Will Cheung,"when it worked, it was beautiful. a huge upgrade on comfort and battery life compared to the momentum 3s, and the anc worked a treat.unfortunately after just a couple of months of use, there's a constant crackling in the left ear when anc is on. this issue also occurred on my first set of momentum 3s until i had them replaced with a new pair of 3s.this would be a  5 star product if not marred by sennheiser's seemingly unreliable hardware that they use for anc.",constant crackling sound after few of months of use,3.0,17 12 2022
Matthew Lightfoot,"good speedy delivery.these headphones are absolutely top notch! a real wow factor when you wear them.pricey, yes, but definitely worth every penny for the sound experience that you just will not get with cheaper headphones.great controls, simple. a nice minimalist design. it doesn't match the funky styling of the previous momentum models (i still love the first pair of momentum 1's i bought) but they are classy in their own right the 4's.quality case supplied, very sturdy for putting in your bag.if you can afford it, just do it.the sound quality alone and the listening experience you get is well worth the price.",just do it.,5.0,05 03 2023
CfrS,"excellent headphoneseverything in the priduct description is correctcomfy, excellent sound quality, battery life amazinghighly recommended",everything i expected,5.0,22 07 2023
Mark Yelland,"paid ¬£299 for these in january 2023, and until late have been reasonably happy with performance overall - though the touch controls take a bit of getting used to.the problem is that they are now 'dead'; can't power on, can't charge.... nada. a little googling reveals this to be a problem experienced by many users. i've done all of the recommended things; hold the power button down for 20 seconds until you get the red light etc etc, but the ones i have here are completely *bricked*my problem of course is that whilst they are obviously still under guarantee, amazon won't take them back as i no longer have the original packaging, so i'm going to have to buy some new ones. one thing i can guarantee; they won't be momentum 4s, and it won't be through amazon.so yes - google ""sennheiser momentum 4 not working"" before buying. don't say you weren't warnedpeace",google 'sennheiser momentum 4 not working' before buying,1.0,27 07 2023
Annette Wood,it switches off then it‚Äôs difficult to switch back on. i have sent this item in to be returned for repairs and it was received on the 8/5/23 but i have not heard from the seller/company at all on what is happening to my headphones!  there is no way to contact amazon except via a ridiculous chat system that does not answer my question nor can you chat to customer service on line!,disappointed,2.0,14 06 2023
AK,i bought the momentum tw 3 at first and had problems with the changing so i sent it back and decided to give these a chance.received them yesterday and was instantly amazed  at the sound quality and the amont of bass they were producing. but then after updating them few moments later they started producing clipping/popping on the bass with bass boost on and at max volume specially on the left side. at first i thought ok ill just not turn them to max volume or just keep bass boost off but im sorry for ¬£300 i should not be faced with decisions like this. i expect to be able to pomp out maximum potential without issue.update****they have started distorting even and lower volume or bass bosst off now which leads me to bleave the drivers were faulty out of the box and just got worsereturning them today and its the last time im buying a sennhisser product. its just a shame really as it seems to me the sennhisser brand has unrivalled sound/bass prduction but is just riddled with bugs and problems which completely let them down.,absolute shame,1.0,11 06 2023
RICHARD,had a lot of trouble pairing to my flip 4 phone sometimes it pairs most time it does not. returned as i use my phone mostly for streaming.,android pairing,3.0,23 01 2023
raymond,quire comfortable. easy for bluetooth connection. tells you when it needs charging. control using fingers on the side of earphone not the easiest.,great quality,5.0,10 06 2023
MikeF,"i should be super happy with these - they sound and look great - but the experience of using them is bad.- the touch controls are twitchy and too easy to activate accidentally. a left swipe is often interpreted as an upward swipe.- only one earcup has ear detection, and it is bad - it will frequently activate while my headphones are lying on my desk with nothing near the earcup, eg. stealing audio from my phone in the middle of a call- every time i put them on it‚Äôs a lottery whether or not they‚Äôll connect to my phone or not. if they decide to connect to the wrong thing there‚Äôs no quick and easy way to tell them to connect to a different device. switching to pairing mode involves holding the on-on off switch down for 5s three times in a row which is really terrible. basically i‚Äôve been spoiled by airpods which  follow me from device to device.",great headphones ruined by terrible usability,2.0,06 10 2022
enjayell,"these headphones are just what i was looking for. the noise cancelling is brilliant, as is the sound quality. i find them comfortable to wear, even over extended periods, my ears just get a bit warm and itchy, but i imagine any headphones would have much the same effect. i would thoroughly recommend.",great sound quality,5.0,27 03 2023
simon pedley,"these are great. the sound cancelling is very good, but also slightly disorienting, you‚Äôre so quiet. you have to stay alert on trains etc since you can‚Äôt hear announcements. the sound quality is also very good and they are very comfy, so i‚Äôm entirely happy. the one very minor gripe - i leave them by my bed, but if they get moved or jogged at all by someone else the headphones think they are being put on, and connect up to my phone even if i‚Äôm downstairs, which isn‚Äôt always ideal if i‚Äôm in the middle of something else! but a minor gripe. they are very good and i‚Äôm very pleased with them",fabulous noice cancelling headphones,5.0,07 10 2022
Mr. R. M. Davies,sound quality 8/10build quality 6.5/10noise cancelling 7/10had to return after the power button broke on my unit.returned and bought 1more sonoflow for ¬£70 which are insanely good value at almost the same sound quality for 1/4 the price.,power button broke. had to return. good while they lasted,3.0,03 10 2022
Bas,"the actual hardware is nice, i enjoy the active noise cancellation and the ability to change it. sound quality is fine for me (as someone who doesn't too much).however! this is all ruined by the bad software and firmware. i've had to previously hard reset the headphones due to a bug with it locking up if you tried to turn it off during bluetooth connection. this is one of the few things that has actually been fixed by a firmware update. what has stayed are various other problems:- almost impossible to connect to windows 11- randomly disconnects in the middle of a meeting- needs multiple attempts to connect to a device- suddenly disables active noise cancellation (anc)ux of the headset is also not my thing. it is so easy to accidentally use the touch functionality of the headset while shifting it, thereby unmuting or unpausing music you had playing in another tab nicely during a meeting.",good hardware spoiled by software problems,1.0,02 05 2023
Aslam bin Muhammed,"recently bought this item. actually i'm really admired with sennheiser . it's gives very good noice cancellation. clyster clear sound effects and clarity. better experience with phone calls , very pure and fine clarity from other end .i would recommend.","comfortable,deep, satisfied",5.0,22 03 2023
Melly,"the physical product is great, would be 5 stars - but the software is completely useless, and e.g. keeps switching the headphones off after random intervals from 10 seconds up to 10 minutes. sennheiser refuses to take responsibility for this, and directs everyone to their buggy, broken, app-store app to 'control' the headphones -- but if you read the reviews you'll find many 1-star complaints that never get fixed. it's a low quality app full of problems.headphones that keep switching themselves off at random are just ... not useable.nb: despite all the bugs in their app, after multiple attempts i successfully got it to change the settings, and i disabled all the 'intelligent' (read: ""stupid, badly-written, badly-designed code"") features so that anc was 'always on', but ... it still switches off at random moments. terrible all round.reading forums, people have been reporting these bugs for multiple years and sennheiser simply doesn't care. this could all be fixed with a firmawre update, would take only a few weeks to do -- but after years in which they've done nothing we have to assume they have no intention of doing that. spend your money on someone else, a company that actually uses their own products and discovers/fixes the out-of-the-box obvious bugs.","noise cancelling is broken, often auto-disables, can't be fixed",1.0,24 11 2022
PhotomagBen,"funny enough, when i've started listing to the music first time with this headphones i wasn't impressed, then i put my other devices in/on my ear and quickly understood i was so wrong. they have no adjustment but yet there are very comfy, sound quality is very good in my opinion, especially after i have personalized my equalizer. they say noise cancellation is not great but i haven't fully tested it yet, they do the job and i prefer transparency mode nearly all the time.",great headphones,5.0,02 10 2022
andyellis1977,i am a bit of a fan of decent headphones and these (to my ears) are the best i have tried. i prefer the sound over the sony or apple headphones.,exceptional,5.0,28 03 2023
Amazon Customer,i used them for a week and they started disconnecting from my phone and laptop at random points. now they won't even turn on even being fully charged,don't buy - they stop turning on after a week or disconnect randomly,1.0,20 10 2023
M. MacLean,"the sound quality is sensational, the noise cancelling incredible, the build quality fantastic, the battery life excellent. i have nothing negative at all to say about these ‚Äòphones.",all the headphones you‚Äôll ever need.,5.0,10 03 2023
harry cartmel,"buggy as all hell. when they work they work great. but that isnt as often as you would think or like. they often show they are connected but make absolutely no sound. and resetting them doesn't always work. i had to go to redit to find a sort of ad-hock fix, which involves resetting them and charging them, even if they are still above 70%. and it doesnt always work. right now i cant get them to make any sound, or reset or do anything at all. i am very disappointed as i love sennheisers sound. also the anc is ok but not great. i am now trying a '21-30 minute to download' update. which has also crashed several times. i honestly could not recommend at this price point, and am seriously considering returning these headphones.",i cant recommend as they dont always work,1.0,26 03 2023
Cathy B.,great for blocking out the noise of our ferrel neighbours who think they are gallagher's.,great noise cancelling,5.0,15 04 2023
Spacemonkey,"these sound great bluetooth or wired, and amazing if you add a dac (i have a dragonfly red). the battery is really good, still on my first charge and i‚Äôve been using them for about two weeks. for me they are comfy too and don‚Äôt squeeze on my ears. no complaints.",works really well with my iphone14 pro max and ipad air,5.0,03 10 2022
AK,"have been looking for a while - always loved sennheiser, but the momentum 3 was too heavy, despite great sound.  the momentum 4 offer excellent sound and comfort.  noise cancelling not quite as good as bose, but the audio blows the bose away.  very happy!",very happy!,5.0,13 10 2022
M√°rio Almeida,"the connectivity on these is extremely unreliable, often connects and gives no sound. can't put it on the neck while travelling because of the sensitive touch controls. no proper manual on and off, i see myself having to reset this often cause i can't seem to have them connect properly to devices. no sound in windows via bluetooth. overall great sound but a mess of software.",crappy controls and connectivity,2.0,30 11 2022
Andy Atam,"i have been using sennheiser headphones for over 40 years and these are the best that i have had. they are very comfortable, have good noise cancellation and sound good, the battery life is excellent.",very comfortable headphones,5.0,23 11 2022
Fr,"never had such an impressive set of headphones. smart fuctions, lightweight and great quality that's built to last. everything inside was extremely well packaged and also comes with a charging cable and a storage bag to protect them. the storage case its molded to sit the headphones in securely, they fold down reasonably flat. the headphones are a nice colour with the contrasting copper against the black and are compatible with any bluetooth device. they are easy to connect and paired easily to both mine and my parners phones. with fast charging they charge in no time at all. a short 10 minute charge will give you up to 6 hours of play back and a full 2 hour charge will give you up to 60 hours of battery life. the headphones look and feel really well made and of premium quality. they are fairly lightweight and comfortable to wear with a padded headband and deep cushioned ear pads, giving a good fit to your head. even worn for a few hours no discomfort was felt. you can use them for calls aswell as music. impressive how much outside noise they cancel out and how loud you can have them. with smart features; smart pause, you can remove them and it will pause your music and resumes play when back on your ears, and with smart control and tap to various places of the ear pad will control everything for you. you can download the sennheiser smart control app to personalize your music experience, fine tune your music, personalise and customise your settings to make it your own sound. the sound is so clear, no sound issues there at all. i absolutely love these headphones, easy to use, full of features, quick charging time with a long battery life and comfortable to wear. definitely an investment which is worth it.",impressive,5.0,10 10 2023
Amazon Customer,like: excellent tone and comfort.dislike: connectivity issues. started developing problems after a month. shame!,sennheiser momentum 4 headphones,1.0,13 09 2023
Gemma,bought these for my son. he thinks they are fantastic,brilliant sound,5.0,08 03 2023
Mr Usman Khan,"do not waste your time with this overrated sennheiser momentum 4 pair of anc headphones. the sound: small closed in muffled audio, limited bass, treble is dead, causes air pressure on the ears with bass and drum beats similar to airplane cabin pressure. this is all while using the aptx codec. trust me, buy the philips fidelio l3 anc over ear headphones for clear, open, detailed sound with good bass response. just don't bother using the dodgy unstable philips app. the sony wh-1000xm4 is rubbish too, don't waste your time on that unless u like muffled up sound with thick fat over the top bass....",rubbish sound quality,1.0,15 03 2023
R. Wallace,"the original momentum 4‚Äôs were quite simply unbeatable in terms of price & features vs value for money, indeed imo they only lagged those of bose and sony in their anc capability but surpassed both the latter in terms of sound quality (unmatched at this price point) and that staggering 60hr battery life.  i could write pages on that sound quality, suffice to say that it is remarkably detailed (you‚Äôd swear gilmour was in the room on listening to the opening of wish you were here), expansive, neutral and crisp. the bass is tight, never muddled and the sound staging is immense. it is as close to hearing the original as you can get. i also find them comfortable to wear, the app is fantastic (and easy to navigate) and whilst the anc isn‚Äôt quite as good as the competition, it still performs admirably. for those that don‚Äôt know, all the latter is the reason why these were tech radar‚Äôs best buy in 2022 and they received loads of 5-star, glowing reviews.as for the limited-edition model here, well, the originals were rather plain looking and these look significantly ‚Äúsnazzier‚Äù with the contrasting padded headband and expensive looking copper inlays, meaning, whilst their earlier cousins were discrete, these are more, look at me i own a pair! the only decision anyone looking for a best in class set of wearable, wireless headphones needs to make after reading this, is whether to opt for these and show them off, or save a few pounds and go for the originals, either way, you won‚Äôt be disappointed! 5 glorious stars.",incredible battery life and audio reproduction - best in class!,5.0,27 09 2023
Amazon Customer,"now working as expected. wireless connection maintained. wonderful, warm sound. noise cancellation is a delight.",now working perfectly !,5.0,03 02 2023
Faisal Shah,good,battery life is good and sound quality is good the issue is the app connection sometimes,5.0,31 03 2023
Ms M Brand,product was exactly as described and arrived on time. looking forward to putting to good use over christmas period. thanks!,so far so good!,5.0,21 12 2022
Amazon Customer,best headphones you can get far better than thought they would be.,awesome headphones,5.0,31 01 2023
Rayco  Santana,"is good sound ,longer battery and very content",very good,5.0,24 01 2023
allmac1,my son loves them. he's hardly had them off since christmas.,my son loves them,5.0,20 01 2023
M.S.,there's no better headphones on the market for similar price at the moment.,worth every penny,5.0,27 12 2022
MR D LOUGHENBURY,"nice fit, great sound",great headsets,5.0,19 01 2023
Willow,"in one word - phenomenal....!!!!they come in a very basic box, which i love - no excessive or unnecessary packaging to clog up landfill. less is definitely more.the headphones, wow. just....wow. i could literally write a book about how epic they are.the case is great - really sturdy offering lots of protection. they have airplane leads and adapters, a usb-a to usb - c cable and a trs cable.the are really lightweight and so comfortable to wear, even for long periods of time. the ear cushions feel plush and the build quality is first class.  sleek and minimalist design - they just look like incredibly stylish premium headphones.the noise cancellation is excellent and they block out most ambient sounds, leaving just enough to hear train/airport announcements which is great as i travel a lot. they have an anc setting which will automatically adapt to your surrounding environment and you can also adjust this on the touch controls by using a pinching motion.the sound quality and engineering is exceptional. the clarity and depth are incredible even on the 'out of the box' settings but you can easily adjust and customise within the app to suit your personal preferences and audiophiles will be able to finetune their performance.the touch control on the right earcup is quite sensitive and takes some getting used to, but once mastered it makes using the commands a breeze (you'll need to activate some commands within the app for them to work).within the app there is so much you can control in there, it's really very easy to navigate and it's packed with features which i'm still working my way around.there is just so much to like about them - the on head detection, smart pause, the touch controls, 60 hours of battery life.they really are remarkable.if you value high quality audio, comfort  - they're worth every single penny of the investment. i can't recommend them enough.","wow.....just, wow....!!!!",5.0,07 09 2023
Leo Phillips,10/10 would recommend to anyone wanting new headphones - only if you have ¬£299 to spend on headphones of course xd.,absolutely awesome - i might be a bit biased,5.0,13 10 2022
L,"very good sound obviously from sennheiser however i would expect it for ¬£350. the soundstage doesn't feel super wide, i can hear a lot of details that i wouldn't normally hear though. for me personally, i would like a bit more punchy bass but it isn't bad by all means.when you first start wearing it, the clamping force is quite firm on your head which gave me a bit of a headache at first. after a few hours of wearing (over several sessions) you do get used to it and/or it loosens up a bit so isn't so bad. the ear cups are a bit on the small side for me and the tips of my ears just touch the edge of the ear cups, perhaps that's more me though because the earcups are quite large. you do get a little warm wearing these, especially at the moment when we are around high 20's for the uk.the anc seems to be very good, i can't compare to the rest of the major players but compared to my previous experience, it blows it out of the water. i tested it with an air conditioning unit since i'm not hopping on a plane anytime soon and it was basically silent. noting that this ac unit was loud. i only wish that you could turn off the anc to conserve battery when passive noise isolation is sufficient.the controls are touch which you either love it or hate it. this one to be fair isn't too bad but volume controls are slightly tedious and difficult to refine so you may end up blowing your ear drums. i recommend just doing it on the device if you can. you can also customise the control from the app which is quite bad in honesty. you can do all your basic things and sign in for a more personalised profile but for me it is slow and crashes sometimes so i played around with it and haven't gone back.i do love the feature where the headphones disconnect after being idle for a while bit will reconnect when you pick them back up. it feels like a very seamless experience especially when you take them out from the case.included accessories is good but i haven't tested them so can't comment further apart from you get a charging cable, aux cable, airplane adapter and a very nice (but bulky) case.the final thing i'd like to note is that qc may not be the greatest as one of my ear cups has not been attached properly and is slightly ajar (see photo). for ¬£350, this is unacceptable.overall, this is a great pair of headphones but i would probably give this 3.5 stars if i could just based on the price. i guess at this price, the aesthetics become part of the cost as you can definitely pick up comparable sounding headphones for less.",toastie ears,4.0,06 09 2023
Vuong,"battery life is incredible, sound quality also very good, touch controls are a bit sensitive","battery life is incredible, sound quality also very good, touch controls are a bit sensitive",5.0,05 11 2022
Anthony Meyer,"i was so excited to try these out, but then have realyb let me downthe bluetooth on the device continues to attempt to connect to other devices after i have connected to my phone and am listening to music.this is notable as, if i listen to music alone at home, i do not have an issue, but if i walk in public spaces, the audio stops and starts.i read a bunch of reviews on reddit mentioning the same thing, so clearly a bug that was not picked up in testing.unfortunately when you spending this amount on headphones, you wouldn't expect your bluetooth connection to break.would no recommend buying this product.",really dissatisfied,1.0,06 10 2022
LianaReads,"a very good sounds, you can see the high quality they have. the noise cancelling part is great and the charging is way easier than some of the previous models. highly recommended",great sounds,5.0,09 10 2023
Russell B.,"noise cancellation amazing, and sound is great. the battery life is outstanding",great balance sound,5.0,30 10 2022
Saad Moosa,really good headphones. amazing sound quality and usability.,amazing,5.0,18 11 2022
Simon Perry,"i liked these headphones at first. they are comfortable and fit well on the head without being too obtrusive (unlike other headphones). however the connection is dreadful. they won't connect to the sennheiser app. i managed to connect to my phone after a lot of trouble. but they won't connect to any other device, such as my laptop. and i can't connect to 2 devices and switch between them. i haven't had this problem with other headphones from sony and b&o, so there must be something wrong with these. also, the noise cancellation is not brilliant and lets in a lot of background noise. the more i used them, i'm afraid the more disappointed i became.",rubbish connection,1.0,03 09 2022
C. D. GRIFFITHS,"i‚Äôve had to return two pairs of these due to connectivity issues with an iphone 13. the other problem is that when you answer a call, they usually cut it off straight away.  shame because the sound is good.",cons outweigh the pros unfortunately,2.0,27 09 2022
Dickie,"very dissatisfied with these , had one set stolen on the way to me by a sketchy delivery driver . and then waited for a second pair to arrive . low volume .terrible noise cancellation . and dated app . also no equalisation . ‚Ä¶‚Ä¶. don‚Äôt bother !!!!! i am awaiting a refund .",not worth the money,1.0,12 02 2023
Mr. P. Charles,"loved my gsp650s thought the momentum 4 would be a premium headset. they are, but the moment you utilize the mic the sound stage drops sound turns to garbage. this seems like a limitation with bluetooth but the same happens with the supplied wire. as such returning these and getting a proper gaming headset with sadly, worse sound but functionally better.",do not buy for gaming,1.0,26 11 2022
Wayne,"bought these probably about 2 months ago, absolutely rubbish, they won‚Äôt come on now , so threw them in the bin , waste of money.",rubbish,1.0,12 03 2023
"""kas5239""",bought in august for my son's september birthday. they stopped working shortly after he received them. was told by amazon they had to be repaired not refunded because refund window was closed. sent to amazon approved repairer 5th october. the headphones are still not back. disappointed with the quality of the product and how it's being dealt with by amazon. i would like a refund for the bother and disappointment.,headphones developed a fault very quickly,1.0,30 10 2022
Suzi Edwards-Alexander,"bought two pairs. returned one pair because they wouldn't reliably turn on or pair. but the design of the controls is just terrible. the touch panel keeps getting bumped and doing things, it randomly turns the mic on and off during calls. there is only a single physical button that you have to hold in for different lengths of time to do anything.they sound good, but are unusable so that's irrelevant. avoid.",unusable and unreliable,1.0,15 09 2022
Seb K,"the sound quality, build, battery life  and noise cancellation are all great. the headphones are let down by the power button that never works, frequently requiring a hard reset taking 30secs or more to switch the headphones back on. 2 firmware updates in and i still have the issue. would not recommend.",great headphones. let down by power button issues,1.0,16 11 2022
